Tarih,ABD_10_Yillik_Tahvil_Faizi,M2_Para_Arzi,Korku_Endeksi_VIX,Ham_Petrol__WTI_,FED_Faiz_Oranlari,Enflasyon,Dolar_Endeksi_DXY,Altin,Enflasyon_Indeksi
01.11.1980,"12,42","1594,8",33.25,"36","15,85","12,6","90,01",623,"85,5"
01.12.1980,"12,6","1601,8",33.1599999999999,"37","18,9","12,5","90,39",586,"86,3"
01.01.1981,"13,1","1599,8",33.0699999999997,"38","19,08","11,8","95,24",506.5,"87,0"
01.02.1981,"13,1","1609",32.98,"38","15,93","11,4","97,06",489,"87,9"
01.03.1981,"13,1","1637,5",32.8900000000003,"38","14,7","10,5","96,76",513.75,"88,5"
01.04.1981,"13,1","1657,1",32.8000000000002,"38","15,72","10,0","100,45",482.75,"89,1"
01.05.1981,"13,1","1648,4",32.71,"38","18,52","9,8","104,95",479.25,"89,8"
01.06.1981,"13,1","1661,8",32.6199999999999,"36","19,1","9,6","107,71",426,"90,6"
01.07.1981,"13,9","1679,3",32.5300000000002,"36","19,04","10,8","111,72",406,"91,6"
01.08.1981,"15","1693,3",32.4400000000001,"36","17,82","10,8","110,28",427,"92,3"
01.09.1981,"15","1697,7",32.3500000000004,"36","15,87","11,0","107,73",428.75,"93,2"
01.10.1981,"15","1720,8",32.2599999999998,"35","15,08","10,1","106,13",427,"93,4"
01.11.1981,"15","1744,6",32.1700000000001,"36","13,31","9,6","103,18",414.5,"93,7"
01.12.1981,"15","1758,2",32.0799999999999,"35","12,37","8,9","104,69",401,"94,0"
01.01.1982,"15","1761,4",31.9900000000002,"33,85","13,22","8,4","108,03",387,"94,3"
01.02.1982,"15,1","1761,3",31.9000000000001,"31,56","14,78","7,6","111,93",362.6,"94,6"
01.03.1982,"15,15","1780,8",31.8099999999999,"28,48","14,68","6,8","114,73",320.22,"94,5"
01.04.1982,"15,2","1799,4",31.7199999999998,"33,45","14,94","6,5","111,6",361.25,"94,9"
01.05.1982,"16,4","1808,8",31.6300000000001,"35,93","14,45","6,7","112,79",325.25,"95,8"
01.06.1982,"16,4","1813,3",31.54,"35,07","14,15","7,1","119,04",317.5,"97,0"
01.07.1982,"16,4","1828,1",31.4499999999998,"34,16","12,59","6,4","119,05",342.9,"97,5"
01.08.1982,"16,5","1843,9",31.3599999999997,"33,95","10,12","5,9","120,29",411.5,"97,7"
01.09.1982,"15,2","1848,5",31.27,"35,63","10,31","5,0","122,2",397,"97,9"
01.10.1982,"14,55","1869,8",31.1800000000001,"35,68","9,71","5,1","124,78",418.2,"98,2"
01.11.1982,"14,6","1887,8",31.0899999999999,"34,15","9,2","4,6","121",436,"98,0"
01.12.1982,"14","1921,4",31,"31,72","8,95","3,8","117,36",456.9,"97,6"
01.01.1983,"13","1963,5",30.9100000000001,"31,19","8,68","3,7","121,12",499.5,"97,8"
01.02.1983,"13,6","1989",30.8199999999999,"28,95","8,51","3,5","120,35",408.5,"97,9"
01.03.1983,"14,4","2006",30.73,"28,82","8,77","3,6","122,21",414.7,"97,9"
01.04.1983,"14,1","2022,9",30.6399999999999,"30,61","8,8","3,9","122,39",429.2,"98,6"
01.05.1983,"13,1","2031",30.55,"30","8,63","3,5","123,79",437.5,"99,2"
01.06.1983,"14,7","2040,1",30.4599999999998,"31","8,98","2,6","124,94",416,"99,5"
01.07.1983,"14,8","2062",30.3699999999999,"31,66","9,37","2,5","128,44",422,"99,9"
01.08.1983,"14,7","2063,9",30.28,"31,91","9,56","2,6","130,84",414.2,"100,2"
01.09.1983,"14,15","2070,7",30.1899999999998,"31,11","9,45","2,9","128,35",405,"100,7"
01.10.1983,"13,4","2097,9",30.0999999999999,"30,41","9,48","2,9","128,4",382,"101,0"
01.11.1983,"13,2","2114,5",30.01,"29,84","9,34","3,3","130,64",405,"101,2"
01.12.1983,"13,5","2128,3",29.9200000000001,"29,24","9,47","3,8","131,79",381.5,"101,3"
01.01.1984,"13,5","2122,5",29.8300000000002,"29,69","9,56","4,2","135,51",373.7,"101,9"
01.02.1984,"14","2143,7",29.74,"30,145","9,59","4,6","128,25",394.2,"102,4"
01.03.1984,"14,1","2164,5",29.6500000000001,"30,761","9,91","4,8","128,22",388.5,"102,6"
01.04.1984,"13,9","2177,4",29.5599999999999,"30,618","10,29","4,6","132,64",375.8,"103,1"
01.05.1984,"14,15","2185,2",29.47,"30,52","10,32","4,2","133,69",384.2,"103,4"
01.06.1984,"13,75","2202,7",29.3800000000001,"29,967","11,06","4,2","136,26",373,"103,7"
01.07.1984,"13,15","2216,3",29.29,"28,752","11,23","4,2","141,29",342.3,"104,1"
01.08.1984,"12,8","2220",29.2,"29,25","11,64","4,3","140,33",348.2,"104,5"
01.09.1984,"13,1","2232,2",29.1099999999999,"29,311","11,3","4,3","147,55",343.7,"105,0"
01.10.1984,"13,2","2252,7",29.02,"28,765","9,99","4,3","146,39",333.5,"105,3"
01.11.1984,"13,25","2285,6",28.9300000000001,"28,098","9,43","4,1","149,21",329,"105,3"
01.12.1984,"13,4","2332,2",28.8399999999999,"25,429","8,38","3,9","151,47",308.3,"105,3"
01.01.1985,"13,1","2324",28.75,"25,641","8,35","3,5","152,72",306.6,"105,5"
01.02.1985,"13,7","2339,1",28.6599999999999,"27,271","8,5","3,5","160,41",287.7,"106,0"
01.03.1985,"13,8","2353,8",28.5699999999999,"28,238","8,58","3,7","149,18",329.2,"106,4"
01.04.1985,"13,95","2359,3",28.48,"28,805","8,27","3,7","149,7",321.3,"106,9"
01.05.1985,"13,8","2372,8",28.3899999999999,"27,623","7,97","3,8","147,86",314,"107,3"
01.06.1985,"13,5","2407,5",28.3,"27,143","7,53","3,8","146,12",317.7,"107,6"
01.07.1985,"13,4","2422,9",28.2099999999998,"27,329","7,88","3,6","137,26",327.5,"107,8"
01.08.1985,"13,95","2434,6",28.1200000000001,"27,755","7,9","3,3","138,2",333.2,"108,0"
01.09.1985,"13,8","2448,6",28.0300000000002,"28,289","7,92","3,1","132,12",326,"108,3"
01.10.1985,"14,55","2455,2",27.9400000000001,"29,538","7,99","3,2","129,39",325.3,"108,7"
01.11.1985,"15,05","2477,3",27.8500000000001,"30,813","8,05","3,5","124,99",328.4,"109,0"
01.12.1985,"14,85","2505,3",27.76,"27,228","8,27","3,8","123,46",329.7,"109,3"
01.01.1986,"14,1","2492,2",27.6700000000001,"22,945","8,14","3,9","121,52",350.5,"109,6"
01.02.1986,"13,7","2498,4",27.5800000000002,"15,442","7,86","3,1","115,08",338.1,"109,3"
01.03.1986,"12,6","2535,2",27.49,"12,618","7,48","2,3","117,92",338.1,"108,8"
01.04.1986,"12,25","2550,4",27.4000000000001,"12,847","6,99","1,6","111,77",345.7,"108,6"
01.05.1986,"12,65","2566,6",27.3099999999999,"15,444","6,85","1,5","117,51",339.98,"108,9"
01.06.1986,"12,95","2602,4",27.22,"13,469","6,92","1,8","111,61",343.52,"109,5"
01.07.1986,"14,2","2621,1",27.13,"11,575","6,56","1,6","108,04",354.64,"109,5"
01.08.1986,"14,1","2636,5",27.04,"15,092","6,17","1,6","106,43",383.45,"109,7"
01.09.1986,"13,85","2651,1",26.9499999999999,"14,913","5,89","1,8","106,74",422.81,"110,2"
01.10.1986,"13,6","2674,7",26.8599999999999,"14,852","5,85","1,5","109,27",399.88,"110,3"
01.11.1986,"13,6","2697,1",26.77,"15,207","6,04","1,3","105,92",388.96,"110,4"
01.12.1986,"13,4","2751,5",26.6800000000001,"16,076","6,91","1,1","103,58",390.19,"110,5"
01.01.1987,"13,8","2728,4",26.59,"18,656","6,43","1,5","99,86",403.43,"111,2"
01.02.1987,"14","2730,2",26.5,"17,726","6,1","2,1","99,26",405.27,"111,6"
01.03.1987,"13,45","2742,5",26.41,"18,305","6,13","3,0","97,11",417.76,"112,1"
01.04.1987,"13,05","2764",26.3200000000001,"18,643","6,37","3,8","95,94",453.6,"112,7"
01.05.1987,"13","2751,9",26.23,"19,415","6,85","3,9","97,77",451.27,"113,1"
01.06.1987,"12,8","2755,4",26.14,"20,034","6,73","3,7","98,13",448.64,"113,5"
01.07.1987,"12,95","2770,6",26.05,"21,355","6,58","3,9","99,79",463.73,"113,8"
01.08.1987,"12,95","2778,2",25.9599999999999,"20,274","6,73","4,3","97,32",452.86,"114,4"
01.09.1987,"12,5","2774,1",25.87,"19,526","7,22","4,4","98,57",458.98,"115,0"
01.10.1987,"13,65","2809,3",25.78,"19,848","7,29","4,5","93,65",468.67,"115,3"
01.11.1987,"13,3","2818,6",25.6900000000001,"18,92","6,69","4,5","89,15",490.46,"115,4"
01.12.1987,"12,85","2835,4",25.6,"17,241","6,77","4,4","85,42",485.85,"115,4"
01.01.1988,"12,4","2844,3",25.51,"17,16","6,83","4,0","90,34",454.01,"115,7"
01.02.1988,"12,3","2854,8",25.4200000000001,"16,765","6,58","3,9","90,53",430.23,"116,0"
01.03.1988,"11,9","2882,7",25.33,"16,217","6,58","3,9","88,3",453.85,"116,5"
01.04.1988,"11,5","2915,8",25.24,"17,875","6,87","3,9","89,16",449.95,"117,1"
01.05.1988,"12,3","2906,4",25.15,"17,438","7,09","3,9","91,09",454.41,"117,5"
01.06.1988,"11,95","2920,1",25.0599999999999,"16,53","7,51","4,0","95,41",434.92,"118,0"
01.07.1988,"11,95","2939,9",24.97,"15,498","7,75","4,1","97,53",435.7,"118,5"
01.08.1988,"11,8","2934,7",24.88,"15,524","8,01","4,0","98,42",430.58,"119,0"
01.09.1988,"11,95","2930,4",24.79,"14,467","8,19","4,2","97,69",394.03,"119,8"
01.10.1988,"11,9","2952,9",24.7,"13,798","8,3","4,2","93,76",412.16,"120,2"
01.11.1988,"12,35","2979,8",24.61,"13,977","8,35","4,2","90,53",423.6,"120,3"
01.12.1988,"12,95","2991,7",24.52,"16,266","8,76","4,4","92,5",409.39,"120,5"
01.01.1989,"13,3","2966",24.43,"17,983","9,12","4,7","96,77",390.31,"121,1"
01.02.1989,"13,65","2973,7",24.34,"17,826","9,36","4,8","94,9",386.9,"121,6"
01.03.1989,"13,65","2991,4",24.25,"19,445","9,85","5,0","98,14",384.66,"122,3"
01.04.1989,"13,4","3017,1",24.16,"21,04","9,84","5,1","97,71",377.72,"123,1"
01.05.1989,"13,9","2988",24.07,"20,032","9,81","5,4","102,98",361.23,"123,8"
01.06.1989,"13,5","3008,3",23.98,"20,005","9,53","5,2","102,02",373.44,"124,1"
01.07.1989,"13,35","3044,8",23.89,"19,644","9,24","5,0","97,39",370.07,"124,4"
01.08.1989,"12,95","3060,9",23.8,"18,522","8,99","4,7","102,28",358.29,"124,6"
01.09.1989,"13,65","3068,1",23.71,"19,594","9,02","4,3","98,47",366.14,"125,0"
01.10.1989,"13,55","3098,8",23.62,"20,091","8,84","4,5","98,07",373.9,"125,6"
01.11.1989,"13,1","3134,4",23.53,"19,82","8,55","4,7","96,27",411.7,"125,9"
01.12.1989,"12,9","3161,4",23.44,"21,088","8,45","4,6","93,21",403.05,"126,1"
01.01.1990,"12,8","3141,9",23.35,"22,641","8,23","5,2","92,41",411.7,"127,4"
01.02.1990,"13,3","3165,2",23.26,"22,108","8,24","5,3","93,29",406.75,"128,0"
01.03.1990,"13,44","3184,6",20.06,"20,418","8,28","5,2","93,69",370.45,"128,7"
01.04.1990,"13,78","3190,5",21.4,"18,582","8,26","4,7","93,07",368.9,"128,9"
01.05.1990,"13,51","3173,8",18.1,"18,237","8,18","4,4","92,98",363.9,"129,2"
01.06.1990,"13,4","3194,2",16.82,"16,871","8,29","4,7","91,15",357.05,"129,9"
01.07.1990,"13,16","3208,8",18.39,"18,638","8,15","4,8","87,17",370.75,"130,4"
01.08.1990,"13,49","3228,1",28.18,"27,174","8,13","5,6","86,56",383,"131,6"
01.09.1990,"13,63","3230,4",29.11,"33,687","8,2","6,2","86",403.15,"132,7"
01.10.1990,"13,35","3236,5",29.63,"35,922","8,11","6,3","83,28",380.2,"133,5"
01.11.1990,"12,23","3261,3",24.89,"32,3","7,81","6,3","82,93",382.25,"133,8"
01.12.1990,"12,07","3291,6",23.36,"27,337","7,31","6,1","83,07",393,"133,8"
01.01.1991,"11,52","3266,9",27.43,"24,959","6,91","5,7","82",366.35,"134,6"
01.02.1991,"11,53","3290",21.6,"20,523","6,25","5,3","84,08",366.15,"134,8"
01.03.1991,"11,38","3320",17.74,"19,86","6,12","4,9","92,02",355.6,"135,0"
01.04.1991,"10,98","3313,8",17.37,"20,823","5,91","4,9","91,54",356.6,"135,2"
01.05.1991,"10,75","3318,2",16.93,"21,24","5,78","5,0","93,13",361.5,"135,6"
01.06.1991,"11,17","3330,5",17.14,"20,195","5,9","4,7","96,06",368.25,"136,0"
01.07.1991,"10,99","3332,4",17.29,"21,42","5,82","4,4","93,49",363.95,"136,2"
01.08.1991,"10,67","3339,1",15.68,"21,688","5,66","3,8","93,49",348.55,"136,6"
01.09.1991,"10,31","3325,4",16.96,"21,857","5,45","3,4","89,9",354.05,"137,2"
01.10.1991,"9,82","3337,8",16.36,"23,228","5,21","2,9","89,93",357.95,"137,4"
01.11.1991,"9,78","3359,5",17.77,"22,465","4,81","3,0","88,19",367.9,"137,8"
01.12.1991,"9,39","3376",18.35,"19,517","4,43","3,1","83,52",354.3,"137,9"
01.01.1992,"10,11","3364,7",17.68,"18,82","4,03","2,6","87,49",357,"138,1"
01.02.1992,"10,04","3383,3",17.48,"18,995","4,06","2,8","88,99",353.1,"138,6"
01.03.1992,"9,89","3393",17.52,"18,916","3,98","3,2","89,65",343.4,"139,3"
01.04.1992,"9,43","3385,9",16.56,"20,243","3,73","3,2","89,62",337.15,"139,5"
01.05.1992,"9,12","3370,3",15.08,"20,94","3,82","3,0","87,22",336.55,"139,7"
01.06.1992,"8,9","3361,7",15.2,"22,375","3,76","3,1","83,72",343.25,"140,2"
01.07.1992,"8,3","3373",13.6,"21,759","3,25","3,2","81,91",357.85,"140,5"
01.08.1992,"8,97","3386,3",14.42,"21,35","3,3","3,1","78,88",342.45,"140,9"
01.09.1992,"8,94","3376,3",13.7,"21,902","3,22","3,0","81,1",348.55,"141,3"
01.10.1992,"8,86","3403,5",17.64,"21,688","3,1","3,2","87,63",339.7,"141,8"
01.11.1992,"9,14","3426,5",14.42,"20,342","3,09","3,0","90,84",334.55,"142,0"
01.12.1992,"8,94","3430,5",12.19,"19,407","2,92","2,9","92,36",333.15,"141,9"
01.01.1993,"8,6","3394,8",12.41,"19,075","3,02","3,3","92,46",329.85,"142,6"
01.02.1993,"7,98","3395,9",13.72,"20,053","3,03","3,2","94,05",328.45,"143,1"
01.03.1993,"7,82","3396,3",13.61,"20,347","3,07","3,1","91,87",337,"143,6"
01.04.1993,"7,55","3399",12.84,"20,27","2,96","3,2","89,49",355.6,"144,0"
01.05.1993,"7,71","3425,4",13.61,"19,94","3","3,2","89,08",379,"144,2"
01.06.1993,"7,37","3408,4",12.52,"19,07","3,04","3,0","93,63",377.25,"144,4"
01.07.1993,"6,88","3418,6",11.5,"17,866","3,06","2,8","95,37",407.05,"144,4"
01.08.1993,"6,64","3419,7",11.93,"18,009","3,03","2,8","93,95",372.5,"144,8"
01.09.1993,"6,84","3412,4",12.93,"17,514","3,09","2,7","92,82",355.45,"145,1"
01.10.1993,"6,49","3430,5",11.88,"18,145","2,99","2,8","95,08",368.85,"145,7"
01.11.1993,"6,81","3466,1",14.08,"16,699","3,02","2,7","96,21",370.45,"145,8"
01.12.1993,"6,68","3485,9",11.36,"14,51","2,96","2,7","96,84",390.75,"145,8"
01.01.1994,"6,36","3437,4",11.29,"15","3,05","2,5","95,59",382.25,"146,2"
01.02.1994,"7,05","3448,3",13.64,"14,78","3,25","2,5","94,55",381.5,"146,7"
01.03.1994,"7,95","3458,9",15.22,"14,66","3,34","2,5","93,06",391.85,"147,2"
01.04.1994,"8,44","3474,9",16.47,"16,38","3,56","2,4","92,12",376.95,"147,4"
01.05.1994,"8,79","3459",13.9,"17,88","4,01","2,3","92,52",386.85,"147,5"
01.06.1994,"9,63","3450,5",13.41,"19,07","4,25","2,5","89,62",385.75,"148,0"
01.07.1994,"9,57","3471,5",12.48,"19,65","4,26","2,8","89,87",383.45,"148,4"
01.08.1994,"9,36","3458",11.89,"18,38","4,47","2,9","89,67",386.25,"149,0"
01.09.1994,"10,33","3448,5",13.23,"17,46","4,73","3,0","87,88",394.85,"149,4"
01.10.1994,"10,51","3461,2",15.25,"17,71","4,76","2,6","85,69",384,"149,5"
01.11.1994,"10,47","3484,9",16.38,"18,1","5,29","2,7","89,13",381.25,"149,7"
01.12.1994,"10,04","3498,4",14.18,"17,16","5,45","2,7","88,73",382.85,"149,7"
01.01.1995,"10,3345","3455,3",12.27,"17,99","5,53","2,8","87,99",375.05,"150,3"
01.02.1995,"10,1465","3463,2",11.47,"18,53","5,92","2,9","85,93",376.85,"150,9"
01.03.1995,"10,13782609","3479,8",12.17,"18,55","5,98","2,9","81,9",390.75,"151,4"
01.04.1995,"9,798823529","3508,9",12.44,"19,87","6,05","3,1","81,8",386.75,"151,9"
01.05.1995,"9,106086957","3500,3",12.27,"19,74","6,01","3,2","82,57",384.1,"152,2"
01.06.1995,"8,856190476","3521,7",11.9,"18,42","6","3,0","81,58",384.4,"152,5"
01.07.1995,"9,081904762","3560,1",12.51,"17,3","5,85","2,8","81,57",382.6,"152,5"
01.08.1995,"9,124347826","3568,2",12.8,"18,03","5,74","2,6","85,57",382.45,"152,9"
01.09.1995,"8,686190476","3569,6",12.06,"18,23","5,8","2,5","84,29",383.6,"153,2"
01.10.1995,"8,508636364","3582,9",14.36,"17,44","5,76","2,8","83,66",382.55,"153,7"
01.11.1995,"8,495","3618",12.47,"17,99","5,8","2,6","85,26",387.3,"153,6"
01.12.1995,"8,254736842","3648,7",11.75,"19,04","5,6","2,5","84,76",387.1,"153,5"
01.01.1996,"8,112380952","3608,3",13.47,"18,88","5,56","2,7","87,38",406.45,"154,4"
01.02.1996,"8,248571429","3642,4",15.03,"19,07","5,22","2,7","86,29",399.75,"154,9"
01.03.1996,"8,808095238","3679,7",17.76,"21,36","5,31","2,8","86,52",395.45,"155,7"
01.04.1996,"8,873684211","3666,2",16.58,"23,57","5,22","2,9","88,02",391.65,"156,3"
01.05.1996,"8,832173913","3671,5",16.15,"21,25","5,24","2,9","87,78",391,"156,6"
01.06.1996,"8,931578947","3696,4",16.4,"20,45","5,27","2,8","87,82",380.45,"156,7"
01.07.1996,"8,629565217","3712,4",17.98,"21,32","5,4","3,0","85,9",387.05,"157,0"
01.08.1996,"8,04","3723,5",15.76,"21,96","5,22","2,9","86,36",386.75,"157,3"
01.09.1996,"8,003333333","3719,3",16.58,"23,99","5,3","3,0","87,94",378.55,"157,8"
01.10.1996,"7,550434783","3742,8",16.38,"24,9","5,24","3,0","87,43",377.95,"158,3"
01.11.1996,"7,156666667","3783,6",16,"23,71","5,31","3,3","87,92",371.4,"158,6"
01.12.1996,"7,324","3836,3",19.26,"25,39","5,29","3,3","88,18",368.05,"158,6"
01.01.1997,"7,459047619","3804,4",19.47,"25,17","5,25","3,0","93,04",344.35,"159,1"
01.02.1997,"7,394","3823,1",20.14,"22,21","5,19","3,0","94,89",363.25,"159,6"
01.03.1997,"7,899473684","3878",20.17,"20,99","5,39","2,8","94,72",351.15,"160,0"
01.04.1997,"7,923809524","3856,7",19.66,"19,72","5,51","2,5","97,18",339.35,"160,2"
01.05.1997,"7,674545455","3858",19.92,"20,83","5,5","2,2","94,85",344.65,"160,1"
01.06.1997,"7,151","3886",20.19,"19,17","5,56","2,3","95,67",333.95,"160,3"
01.07.1997,"6,642608696","3893,1",20.53,"19,63","5,52","2,2","99,64",324.55,"160,5"
01.08.1997,"6,650952381","3939,5",23.08,"19,93","5,54","2,2","99",324.15,"160,8"
01.09.1997,"6,311363636","3930,4",23.81,"19,79","5,54","2,2","97,11",334.45,"161,2"
01.10.1997,"6,182173913","3955,4",23.87,"21,26","5,5","2,1","95,64",311.45,"161,6"
01.11.1997,"6,031","4003",32.21,"20,17","5,52","1,8","97,79",297,"161,5"
01.12.1997,"6,139047619","4055,4",26.28,"18,32","5,5","1,7","99,65",289.05,"161,3"
01.01.1998,"5,806","4028,7",23.87,"16,71","5,56","1,6","100,79",302.45,"161,6"
01.02.1998,"5,887","4077,1",20,"16,06","5,51","1,4","99,82",299.15,"161,9"
01.03.1998,"5,865","4118,8",20.16,"15,02","5,49","1,4","101,5",300.95,"162,2"
01.04.1998,"5,685","4127,3",22.03,"15,44","5,45","1,4","99,71",306.65,"162,5"
01.05.1998,"5,639047619","4125,3",20.87,"14,86","5,49","1,7","100,45",292.95,"162,8"
01.06.1998,"5,576190476","4145,3",21.66,"13,66","5,56","1,7","101,17",296.95,"163,0"
01.07.1998,"5,521304348","4165,8",19.93,"14,08","5,54","1,7","101,2",286.45,"163,2"
01.08.1998,"5,638571429","4213,2",31.59,"13,36","5,55","1,6","100,2",276.65,"163,4"
01.09.1998,"5,345909091","4214,7",38.2,"14,95","5,51","1,5","96,17",296.95,"163,6"
01.10.1998,"4,965909091","4280,5",36.61,"14,39","5,07","1,5","93,73",292.55,"164,0"
01.11.1998,"5,130952381","4348,8",26.22,"12,85","4,83","1,5","96,2",292.95,"164,0"
01.12.1998,"4,854761905","4398,1",25.48,"11,28","4,68","1,6","94,17",288.25,"163,9"
01.01.1999,"5,127894737","4374,4",28.04,"12,47","4,63","1,7","96,08",286.35,"164,3"
01.02.1999,"5,3","4414,8",28.82,"12,01","4,76","1,6","98,68",286.8,"164,5"
01.03.1999,"5,526521739","4444,4",25.31,"14,66","4,81","1,7","100,1",280.05,"165,0"
01.04.1999,"5,3575","4467,6",23.48,"17,34","4,74","2,3","101",286.65,"166,2"
01.05.1999,"5,875714286","4468,3",26.2,"17,75","4,74","2,1","102,51",270.35,"166,2"
01.06.1999,"6,206666667","4464,2",23.63,"17,89","4,76","2,0","102,85",262.5,"166,2"
01.07.1999,"6,135909091","4499,4",21.05,"20,07","4,99","2,1","99,75",255.95,"166,7"
01.08.1999,"6,34","4518,1",24.32,"21,26","5,07","2,3","99,95",255.55,"167,1"
01.09.1999,"6,341363636","4514,6",24.54,"23,88","5,22","2,6","98,54",299.5,"167,9"
01.10.1999,"6,606666667","4556,2",24.02,"22,64","5,2","2,6","99,06",299.3,"168,2"
01.11.1999,"6,556363636","4607,6",21.82,"24,97","5,42","2,6","101,99",290.88,"168,3"
01.12.1999,"6,737142857","4669,4",22.16,"26,08","5,3","2,7","101,87",288.25,"168,3"
01.01.2000,"7,177894737","4636,2",23.2,"27,18","5,45","2,7","105,13",283.23,"168,8"
01.02.2000,"6,957619048","4667,9",23.6,"29,35","5,73","3,2","105,92",292.12,"169,8"
01.03.2000,"6,570434783","4728,6",22.72,"29,89","5,85","3,8","105,44",278.95,"171,2"
01.04.2000,"6,264705882","4802,3",27.16,"25,74","6,02","3,1","110,14",273.5,"171,3"
01.05.2000,"6,465652174","4721,6",26.37,"28,78","6,27","3,2","108,74",272.15,"171,5"
01.06.2000,"6,172380952","4723,3",21.54,"31,83","6,53","3,7","106,84",290.1,"172,4"
01.07.2000,"6,161904762","4760,4",19.89,"29,77","6,54","3,7","109,57",277.25,"172,8"
01.08.2000,"6,227391304","4794,7",18.09,"31,22","6,5","3,4","112,6",277.75,"172,8"
01.09.2000,"6,136190476","4804,5",19.69,"33,88","6,52","3,5","113,25",274.25,"173,7"
01.10.2000,"6,107954545","4831",25.2,"33,08","6,51","3,4","116,65",265.05,"174,0"
01.11.2000,"5,989545455","4886,4",26.38,"34,4","6,51","3,4","115,24",270.35,"174,1"
01.12.2000,"5,543157895","4958,7",26.53,"28,46","6,4","3,4","109,56",272.4,"174,0"
01.01.2001,"5,40547619","4933,1",24.92,"29,58","5,98","3,7","110,52",265.85,"175,1"
01.02.2001,"5,32125","5014,2",23.41,"29,61","5,49","3,5","112,01",267.25,"175,8"
01.03.2001,"5,130681818","5090,5",28.5,"27,24","5,31","2,9","117,37",257.95,"176,2"
01.04.2001,"5,577222222","5105,5",28.13,"27,41","4,8","3,3","115,85",264.05,"176,9"
01.05.2001,"5,943478261","5095",22.94,"28,64","4,21","3,6","119,07",266.05,"177,7"
01.06.2001,"5,89675","5130,1",20.94,"27,6","3,97","3,2","119,43",270.85,"178,0"
01.07.2001,"6,086363636","5175,8",22.32,"26,45","3,77","2,7","117,18",266.85,"177,5"
01.08.2001,"5,761521739","5212,9",21.86,"27,47","3,65","2,7","113,42",274.45,"177,5"
01.09.2001,"5,57825","5325,3",35.07,"25,88","3,07","2,6","113,48",292.95,"178,3"
01.10.2001,"5,407608696","5303,1",32.72,"22,21","2,49","2,1","114,86",279.65,"177,7"
01.11.2001,"5,457727273","5390,1",26.63,"19,67","2,09","1,9","116,13",274.4,"177,4"
01.12.2001,"5,816842105","5481",23.72,"19,33","1,82","1,6","116,75",278.95,"176,7"
01.01.2002,"5,858333333","5408,1",22.25,"19,67","1,73","1,1","120,24",282.35,"177,1"
01.02.2002,"5,94575","5468,2",22.88,"20,74","1,74","1,1","119,16",296.95,"177,8"
01.03.2002,"6,309","5492,9",18.99,"24,42","1,73","1,5","118,62",302.7,"178,8"
01.04.2002,"6,294","5469,5",19.9,"26,27","1,75","1,6","115,19",308.35,"179,8"
01.05.2002,"6,215217391","5491,3",20.09,"27,02","1,75","1,2","111,81",326.55,"179,8"
01.06.2002,"6,007631579","5515,6",25.27,"25,52","1,75","1,1","106,11",314.62,"179,9"
01.07.2002,"5,859782609","5572,8",34.05,"26,94","1,73","1,5","107,41",303.55,"180,1"
01.08.2002,"5,648409091","5602,3",33.74,"28,38","1,74","1,8","106,98",312.75,"180,7"
01.09.2002,"5,435714286","5624,7",37.65,"29,67","1,75","1,5","106,87",323.75,"181,0"
01.10.2002,"5,659130435","5674,5",35.24,"28,85","1,75","2,0","106,64",317.8,"181,3"
01.11.2002,"5,49952381","5736,4",28.18,"26,27","1,34","2,2","106,41",319.05,"181,3"
01.12.2002,"5,395","5804",28.21,"29,42","1,24","2,4","101,85",347,"180,9"
01.01.2003,"5,275","5756",27.42,"32,94","1,24","2,6","99,91",368.48,"181,7"
01.02.2003,"5,16775","5807,7",32.22,"35,87","1,26","3,0","99,71",349.85,"183,1"
01.03.2003,"5,271666667","5891,1",30.63,"33,55","1,25","3,0","99,06",337.48,"184,2"
01.04.2003,"5,346052632","5897,3",23.99,"28,25","1,26","2,2","97,19",339.62,"183,8"
01.05.2003,"5,028181818","5915,5",20.24,"28,14","1,26","2,1","93,27",364.98,"183,5"
01.06.2003,"4,80275","5990,8",20.36,"30,72","1,22","2,1","94,73",346.4,"183,7"
01.07.2003,"5,232826087","6004,6",19.16,"30,76","1,01","2,1","96,89",355,"183,9"
01.08.2003,"5,524047619","6047,5",19.27,"31,59","1,03","2,2","98,1",375.57,"184,6"
01.09.2003,"5,512954545","6008,2",19.53,"28,29","1,01","2,3","92,85",385.25,"185,2"
01.10.2003,"5,608695652","6019,3",18.02,"30,33","1,01","2,0","92,73",384.4,"185,0"
01.11.2003,"5,874","6052",17.4,"31,09","1","1,8","90,21",397.88,"184,5"
01.12.2003,"5,757380952","6091,8",16.83,"32,15","0,98","1,9","86,92",415.05,"184,3"
01.01.2004,"5,7005","6015,6",16.1,"34,27","1","1,9","87,2",402.57,"185,2"
01.02.2004,"5,6205","6089,4",16,"34,74","1,01","1,7","87,31",396.45,"186,2"
01.03.2004,"5,415434783","6175,1",17.69,"36,76","1","1,7","87,61",426.62,"187,4"
01.04.2004,"5,803","6199,2",15.7,"36,69","1","2,3","90,48",387.6,"188,0"
01.05.2004,"5,958095238","6249,9",17.71,"40,28","1","3,1","88,95",395.5,"189,1"
01.06.2004,"5,84547619","6237,7",15.34,"38,02","1,03","3,3","88,8",394.38,"189,7"
01.07.2004,"5,717727273","6247,5",15.5,"40,69","1,26","3,0","89,96",391.25,"189,4"
01.08.2004,"5,583181818","6275,7",16.68,"44,94","1,43","2,7","88,94",409.82,"189,5"
01.09.2004,"5,412045455","6300",14.08,"45,95","1,61","2,5","87,36",418.25,"189,9"
01.10.2004,"5,401428571","6332,3",14.97,"53,13","1,76","3,2","84,91",428.52,"190,9"
01.11.2004,"5,4","6404,3",13.58,"48,46","1,93","3,5","81,82",450.88,"191,0"
01.12.2004,"5,231904762","6457,6",12.46,"43,33","2,16","3,3","80,85",438.45,"190,3"
01.01.2005,"5,351842105","6351,1",13.44,"46,84","2,28","3,0","83,6",422.62,"190,7"
01.02.2005,"5,39775","6413,5",11.71,"47,97","2,5","3,0","82,51",435.62,"191,8"
01.03.2005,"5,652619048","6470,1",13.13,"54,31","2,63","3,1","84,06",428.45,"193,3"
01.04.2005,"5,472","6467,8",14.46,"53,04","2,79","3,5","84,43",434.88,"194,6"
01.05.2005,"5,287727273","6444,7",13.97,"49,83","3","2,8","87,76",417.35,"194,4"
01.06.2005,"5,14047619","6487,1",11.87,"56,26","3,04","2,5","89,11",435.25,"194,5"
01.07.2005,"5,190238095","6503,3",11.05,"58,7","3,26","3,2","89,35",430.2,"195,4"
01.08.2005,"5,218695652","6527,2",12.95,"64,97","3,5","3,6","87,58",435.25,"196,4"
01.09.2005,"5,186363636","6550,2",12.63,"65,57","3,62","4,7","89,52",469.15,"198,8"
01.10.2005,"5,400238095","6593,2",14.94,"62,37","3,78","4,3","90,07",465.2,"199,2"
01.11.2005,"5,435227273","6648,1",12.15,"58,3","4","3,5","91,57",493.85,"197,6"
01.12.2005,"5,3465","6716,4",11.26,"59,43","4,16","3,4","91,17",517.6,"196,8"
01.01.2006,"5,2035","6645,5",12.04,"65,51","4,29","4,0","88,96",568.95,"198,3"
01.02.2006,"5,272","6741,7",12.47,"61,63","4,49","3,6","90,11",561.75,"198,7"
01.03.2006,"5,341304348","6787,3",11.69,"62,9","4,59","3,4","89,73",583.65,"199,8"
01.04.2006,"5,579705882","6844,2",11.85,"69,69","4,79","3,5","86,11",654.5,"201,5"
01.05.2006,"5,75","6787,2",14.45,"70,94","4,94","4,2","84,72",643.7,"202,5"
01.06.2006,"5,737857143","6829,8",16.92,"70,96","4,99","4,3","85,22",613.1,"202,9"
01.07.2006,"5,834047619","6840,3",15.33,"74,41","5,24","4,1","85,3",634.58,"203,5"
01.08.2006,"5,77326087","6876,4",13.35,"73,05","5,25","3,8","85,05",626.9,"203,9"
01.09.2006,"5,601666667","6882,7",12.18,"63,87","5,25","2,1","85,97",598.3,"202,9"
01.10.2006,"5,665","6941,3",11.31,"58,88","5,25","1,3","85,32",606.6,"201,8"
01.11.2006,"5,599545455","7041,6",10.82,"59,37","5,25","2,0","82,92",648.3,"201,5"
01.12.2006,"5,696578947","7119,7",10.96,"62,03","5,24","2,5","83,72",636.8,"201,8"
01.01.2007,"5,877619048","7039",11.04,"54,57","5,25","2,1","84,61",653.2,"202,416"
01.02.2007,"5,80925","7124,7",11.16,"59,26","5,26","2,4","83,57",669.95,"203,499"
01.03.2007,"5,736818182","7220,1",15.16,"60,56","5,26","2,8","82,93",663.6,"205,352"
01.04.2007,"5,909722222","7216,5",12.93,"63,97","5,25","2,6","81,45",678.25,"206,686"
01.05.2007,"5,920869565","7227,5",13.3,"63,46","5,25","2,7","82,3",660.95,"207,949"
01.06.2007,"6,20475","7253,1",14.95,"67,48","5,25","2,7","81,92",649.65,"208,352"
01.07.2007,"6,149772727","7261,1",17.27,"74,18","5,26","2,4","80,77",663.5,"208,299"
01.08.2007,"5,925909091","7367,2",25.03,"72,39","5,02","2,0","80,79",673,"207,917"
01.09.2007,"5,992105263","7331,6",22.2,"79,93","4,94","2,8","77,72",744.1,"208,490"
01.10.2007,"6,174347826","7371,1",19.12,"86,2","4,76","3,5","76,48",796.2,"208,936"
01.11.2007,"6,025454545","7456,5",25.58,"94,62","4,49","4,3","76,15",782.9,"210,177"
01.12.2007,"6,207631579","7526,6",21.65,"91,73","4,24","4,1","76,69",833.6,"210,036"
01.01.2008,"6,076428571","7483,7",25.82,"92,95","3,94","4,3","75,18",925.62,"211,080"
01.02.2008,"6,29452381","7604,6",25.46,"95,35","2,98","4,0","73,71",972.48,"211,693"
01.03.2008,"6,085526316","7747,4",27.1,"105,56","2,61","4,0","71,8",915.7,"213,528"
01.04.2008,"6,17047619","7684,6",21.56,"112,57","2,28","3,9","72,51",870.95,"214,823"
01.05.2008,"6,355","7708",18.3,"125,39","1,98","4,2","72,88",886.9,"216,632"
01.06.2008,"6,58675","7713,5",22.11,"133,93","2","5,0","72,46",925.1,"218,815"
01.07.2008,"6,366521739","7722,1",24.32,"133,44","2,01","5,6","73,23",913.85,"219,964"
01.08.2008,"5,8625","7725,3",20.7,"116,61","2","5,4","77,38",830.8,"219,086"
01.09.2008,"5,645909091","7871,1",30.24,"103,9","1,81","4,9","79,45",871.95,"218,783"
01.10.2008,"5,215227273","7902,6",61.18,"76,65","0,97","3,7","85,63",725.05,"216,573"
01.11.2008,"4,94075","8015,9",62.67,"57,44","0,39","1,1","86,52",817.5,"212,425"
01.12.2008,"4,215714286","8277,7",52.41,"41,02","0,16","0,1","81,15",880.2,"210,228"
01.01.2009,"4,08575","8249,9",44.68,"41,74","0,15","0,0","85,83",927.75,"211,143"
01.02.2009,"4,253","8309,1",45.57,"39,16","0,22","0,2","88,17",945.15,"212,193"
01.03.2009,"4,327727273","8427,7",44.8,"47,98","0,18","-0,4","85,51",918.15,"212,709"
01.04.2009,"4,512","8379",38.06,"49,79","0,15","-0,7","84,82",886.5,"213,240"
01.05.2009,"5,004285714","8424,6",31.98,"59,16","0,18","-1,3","79,23",980,"213,856"
01.06.2009,"5,556666667","8386,6",29.14,"69,68","0,21","-1,4","80,16",926.85,"215,693"
01.07.2009,"5,487826087","8384,6",26.16,"64,09","0,16","-2,1","78,35",954.75,"215,351"
01.08.2009,"5,53325","8370",25.34,"71,06","0,16","-1,5","78,17",951.15,"215,834"
01.09.2009,"5,323636364","8361,5",24.93,"69,46","0,15","-1,3","76,65",1007.7,"215,969"
01.10.2009,"5,450238095","8408,8",24.25,"75,82","0,12","-0,2","76,3",1044.9,"216,177"
01.11.2009,"5,466666667","8523,4",23.79,"78,08","0,12","1,8","74,78",1178.85,"216,330"
01.12.2009,"5,473095238","8544,3",21.24,"74,3","0,12","2,7","77,86",1096.2,"215,949"
01.01.2010,"5,5575","8432,4",20.64,"78,22","0,11","2,6","79,46",1081.55,"216,687"
01.02.2010,"5,4775","8528,3",22.54,"76,42","0,13","2,1","80,36",1116.5,"216,741"
01.03.2010,"5,62","8576,6",17.77,"81,24","0,16","2,3","81,07",1113.8,"217,631"
01.04.2010,"5,795","8546,2",17.42,"84,48","0,2","2,2","81,87",1179.25,"218,009"
01.05.2010,"5,48","8608,6",31.93,"73,84","0,2","2,0","86,59",1216.21,"218,178"
01.06.2010,"5,3275","8576,1",29.92,"75,35","0,18","1,1","86,02",1242.35,"217,965"
01.07.2010,"5,145","8555,1",25.57,"76,37","0,18","1,2","81,54",1180.9,"218,011"
01.08.2010,"4,97","8604,8",24.75,"76,82","0,19","1,1","83,2",1247.65,"218,312"
01.09.2010,"5,0025","8622,3",22.52,"75,31","0,19","1,1","78,72",1309.5,"218,439"
01.10.2010,"5,085","8687,4",20.37,"81,9","0,19","1,2","77,27",1359.55,"218,711"
01.11.2010,"5,3775","8804,3",20.1,"84,14","0,19","1,1","81,19",1384.85,"218,803"
01.12.2010,"5,555","8896,1",17.57,"89,04","0,18","1,5","79,03",1421.45,"219,179"
01.01.2011,"5,52","8812,2",17.32,"89,42","0,17","1,6","77,73",1332.19,"220,223"
01.02.2011,"5,61","8931,7",17.43,"89,58","0,16","2,1","76,89",1411.65,"221,309"
01.03.2011,"5,435","9008,6",20.72,"102,94","0,14","2,7","75,86",1432,"223,467"
01.04.2011,"5,5125","9042,8",16.24,"110,04","0,1","3,2","72,93",1565.6,"224,906"
01.05.2011,"5,325","9044",16.91,"101,33","0,09","3,6","74,64",1535.35,"225,964"
01.06.2011,"5,16","9141,6",19.15,"96,29","0,09","3,6","74,3",1500.1,"225,722"
01.07.2011,"5,02","9231,7",19.23,"97,19","0,07","3,6","73,9",1626.64,"225,922"
01.08.2011,"4,4925","9454,3",35.03,"86,33","0,1","3,8","74,12",1823.8,"226,545"
01.09.2011,"4,2025","9465",36.53,"85,61","0,08","3,9","78,55",1623.75,"226,889"
01.10.2011,"4,37","9544,9",32.83,"86,41","0,07","3,5","76,17",1715.25,"226,421"
01.11.2011,"4,0825","9633,9",31.94,"97,21","0,08","3,4","78,38",1745.7,"226,230"
01.12.2011,"3,825","9731,5",25.05,"98,57","0,07","3,0","80,18",1564.3,"225,672"
01.01.2012,"3,795","9695,3",20.23,"100,24","0,08","2,9","79,29",1739.43,"226,665"
01.02.2012,"3,97","9793,3",18.42,"102,25","0,1","2,9","78,74",1695.2,"227,663"
01.03.2012,"4,15","9882,3",16.17,"106,19","0,13","2,7","79",1668.9,"229,392"
01.04.2012,"3,8575","9852,4",17.82,"103,33","0,14","2,3","78,78",1664.36,"230,085"
01.05.2012,"3,2775","9859,2",21,"94,7","0,16","1,7","83,04",1560.7,"229,815"
01.06.2012,"2,995","9903,1",21.13,"82,41","0,16","1,7","81,63",1598.6,"229,478"
01.07.2012,"2,8875","9988,4",17.57,"87,93","0,16","1,4","82,64",1613.9,"229,104"
01.08.2012,"3,1875","10048,6",15.69,"94,16","0,13","1,7","81,21",1691.15,"230,379"
01.09.2012,"3,0925","10111,1",15.28,"94,72","0,14","2,0","79,93",1771.22,"231,407"
01.10.2012,"3,0225","10235,5",16.28,"89,57","0,16","2,2","79,92",1720.55,"231,317"
01.11.2012,"3,0875","10325,7",16.7,"86,66","0,16","1,8","80,15",1714.4,"230,221"
01.12.2012,"3,2275","10630,8",17.31,"88,25","0,16","1,7","79,77",1674.34,"229,601"
01.01.2013,"3,3975","10413,2",13.51,"94,69","0,14","1,6","79,21",1662.99,"230,280"
01.02.2013,"3,4975","10463,2",14.07,"95,32","0,15","2,0","81,95",1579.76,"232,166"
01.03.2013,"3,5125","10596,4",13.03,"93,05","0,14","1,5","83,22",1596.17,"232,773"
01.04.2013,"3,245","10545,8",13.97,"92,07","0,15","1,1","81,75",1476.6,"232,531"
01.05.2013,"3,324","10552,3",13.49,"94,8","0,11","1,4","83,26",1386.4,"232,945"
01.06.2013,"3,555","10573,3",17.27,"95,8","0,09","1,8","83,14",1233.14,"233,504"
01.07.2013,"3,772","10660,6",13.97,"104,61","0,09","2,0","81,45",1322.49,"233,596"
01.08.2013,"3,894","10710,5",14.21,"106,57","0,08","1,5","82,09",1395.69,"233,877"
01.09.2013,"4,033","10840,3",14.69,"106,29","0,08","1,2","80,22",1326.94,"234,149"
01.10.2013,"4,009","10909,5",15.41,"100,54","0,09","1,0","80,19",1323.19,"233,546"
01.11.2013,"4,175","10954,6",12.92,"93,86","0,08","1,2","80,68",1251.99,"233,069"
01.12.2013,"4,262","11140,6",14.19,"97,63","0,09","1,5","80,04",1204.94,"233,049"
01.01.2014,"4,158","11044,8",14.24,"94,62","0,07","1,6","81,31",1243.19,"233,916"
01.02.2014,"4,104","11148,1",15.47,"100,82","0,07","1,1","79,69",1325.79,"234,781"
01.03.2014,"4,092","11315,4",14.84,"100,8","0,08","1,5","80,1",1283.64,"236,293"
01.04.2014,"4,027","11231,2",14.2,"102,07","0,09","2,0","79,47",1291.29,"237,072"
01.05.2014,"3,781","11251,3",12.48,"102,18","0,09","2,1","80,37",1250.69,"237,900"
01.06.2014,"3,713","11343,1",11.54,"105,79","0,1","2,1","79,78",1327.19,"238,343"
01.07.2014,"3,486","11364,3",12.3,"103,59","0,09","2,0","81,46",1282.09,"238,250"
01.08.2014,"3,43","11383,5",13.49,"96,54","0,09","1,7","82,75",1287.07,"237,852"
01.09.2014,"3,573","11451,4",13.47,"93,21","0,09","1,7","85,94",1208.74,"238,031"
01.10.2014,"3,344","11525,4",18.06,"84,4","0,09","1,7","86,92",1173.92,"237,433"
01.11.2014,"3,294","11580,5",13.41,"75,79","0,09","1,3","88,36",1167.04,"236,151"
01.12.2014,"2,964","11799,9",16.29,"59,29","0,12","0,8","90,27",1183.55,"234,812"
01.01.2015,"2,622","11687,2",19.12,"47,22","0,11","-0,1","94,8",1282.8,"233,707"
01.02.2015,"2,49","11850,4",15.9,"50,58","0,11","0,0","95,32",1212.55,"234,722"
01.03.2015,"2,475","11970,5",14.81,"47,82","0,11","-0,1","98,36",1183.1,"236,119"
01.04.2015,"2,41","11862,5",13.49,"54,45","0,12","-0,2","94,6",1183.85,"236,599"
01.05.2015,"2,882","11882,7",13.34,"59,27","0,12","0,0","96,91",1189.75,"237,805"
01.06.2015,"2,985","11958,2",14.34,"59,82","0,13","0,1","95,49",1172.2,"238,638"
01.07.2015,"2,922","11960,7",14.35,"50,9","0,13","0,2","97,34",1095.4,"238,654"
01.08.2015,"2,738","12087",19.43,"42,87","0,14","0,2","95,82",1134.1,"238,316"
01.09.2015,"2,724","12084",24.38,"45,48","0,14","0,0","96,35",1114.6,"237,945"
01.10.2015,"2,657","12143,2",16.79,"46,22","0,12","0,2","96,95",1142,"237,838"
01.11.2015,"2,889","12316",16.21,"42,44","0,12","0,5","100,17",1064.02,"237,336"
01.12.2015,"2,852","12464,1",18.03,"37,19","0,24","0,7","98,63",1060.91,"236,525"
01.01.2016,"2,708","12423,3",23.72,"31,68","0,34","1,4","99,61",1117.64,"236,916"
01.02.2016,"2,465","12559,9",22.52,"30,32","0,38","1,0","98,21",1237.76,"237,111"
01.03.2016,"2,561","12735",15.85,"37,55","0,36","0,9","94,59",1231.95,"238,132"
01.04.2016,"2,512","12693,8",14.3,"40,75","0,37","1,1","93,08",1293.36,"239,261"
01.05.2016,"2,322","12689,6",14.85,"46,71","0,37","1,0","95,89",1214.69,"240,229"
01.06.2016,"2,125","12738,8",17.77,"48,76","0,38","1,0","96,14",1321.78,"241,018"
01.07.2016,"1,936","12805,9",13.16,"44,65","0,39","0,8","95,53",1350.59,"240,628"
01.08.2016,"1,892","12928,7",12.4,"44,72","0,4","1,1","96,02",1308.45,"240,849"
01.09.2016,"2,004","12939,2",14.22,"45,18","0,4","1,5","95,46",1315.8,"241,428"
01.10.2016,"2,231","13078,8",14.59,"49,78","0,4","1,6","98,44",1277.28,"241,729"
01.11.2016,"2,535","13187,7",15.24,"45,66","0,41","1,7","101,5",1172.7,"241,353"
01.12.2016,"2,799","13298,9",12.47,"51,97","0,54","2,1","102,21",1151.46,"241,432"
01.01.2017,"2,711","13183,7",11.61,"52,5","0,65","2,5","99,51",1210.51,"242,839"
01.02.2017,"2,738","13325,8",11.53,"53,47","0,66","2,7","101,12",1248.52,"243,603"
01.03.2017,"2,804","13473,6",11.9,"49,33","0,79","2,4","100,35",1248.63,"243,801"
01.04.2017,"2,557","13472,2",13.14,"51,06","0,9","2,2","99,05",1267.65,"244,524"
01.05.2017,"2,548","13457,3",10.86,"48,48","0,91","1,9","96,92",1268.09,"244,733"
01.06.2017,"2,421","13454,3",10.51,"45,18","1,04","1,6","95,63",1241.2,"244,955"
01.07.2017,"2,664","13585,7",10.26,"46,63","1,15","1,7","92,86",1269.05,"244,786"
01.08.2017,"2,626","13631,6",11.98,"48,04","1,16","1,9","92,67",1321.6,"245,519"
01.09.2017,"2,71","13620,1",10.44,"49,82","1,15","2,2","93,08",1279.1,"246,819"
01.10.2017,"2,768","13718,2",10.13,"51,58","1,15","2,0","94,55",1271.2,"246,663"
01.11.2017,"2,565","13810,8",10.54,"56,64","1,16","2,2","93,05",1274.36,"246,669"
01.12.2017,"2,583","13941,9",10.26,"57,88","1,3","2,1","92,12",1302.45,"246,524"
01.01.2018,"2,747","13752,9",11.06,"63,7","1,41","2,1","89,13",1344.7,"247,867"
01.02.2018,"2,845","13849,2",22.46,"62,23","1,42","2,2","90,61",1317.66,"248,991"
01.03.2018,"2,713","14002,9",19.02,"62,73","1,51","2,4","89,97",1324,"249,554"
01.04.2018,"2,734","13924,3",18.27,"66,25","1,69","2,5","91,84",1314.95,"250,546"
01.05.2018,"2,79","13968,9",14.12,"69,98","1,7","2,8","93,99",1297.92,"251,588"
01.06.2018,"2,697","13997,9",13.68,"67,87","1,82","2,9","94,64",1252.25,"251,989"
01.07.2018,"2,637","14081,8",13.15,"70,98","1,91","2,9","94,49",1223.41,"252,006"
01.08.2018,"2,59","14143,4",12.55,"68,06","1,91","2,7","95,14",1200.71,"252,146"
01.09.2018,"2,631","14126,5",12.91,"70,23","1,95","2,3","95,13",1191.69,"252,439"
01.10.2018,"2,682","14165,6",19.35,"70,75","2,19","2,5","97,13",1214.14,"252,885"
01.11.2018,"2,683","14235,4",19.39,"56,96","2,2","2,2","97,27",1221.88,"252,038"
01.12.2018,"2,431","14544,7",24.95,"49,52","2,27","1,9","96,17",1282.73,"251,233"
01.01.2019,"2,271","14340,5",19.57,"51,38","2,4","1,6","95,58",1320.56,"251,712"
01.02.2019,"2,126","14390,6",15.23,"54,95","2,4","1,5","96,16",1312.66,"252,776"
01.03.2019,"1,957","14550,3",14.49,"58,15","2,41","1,9","97,28",1291.9,"254,202"
01.04.2019,"1,865","14492,3",12.95,"63,86","2,42","2,0","97,48",1283.35,"255,548"
01.05.2019,"1,655","14582,6",16.72,"60,83","2,39","1,8","97,75",1305.25,"256,092"
01.06.2019,"1,386","14676,2",15.84,"54,66","2,38","1,6","96,13",1409.1,"256,143"
01.07.2019,"1,32","14807,7",13.31,"57,35","2,4","1,8","98,52",1413.55,"256,571"
01.08.2019,"0,959","14850",18.98,"54,81","2,13","1,7","98,92",1519.85,"256,558"
01.09.2019,"1,035","15032,8",15.56,"56,95","2,04","1,7","99,38",1472,"256,759"
01.10.2019,"1,037","15097,6",15.47,"53,96","1,83","1,8","97,35",1513.16,"257,346"
01.11.2019,"1,152","15252,2",12.52,"57,03","1,55","2,1","98,27",1463.9,"257,208"
01.12.2019,"1,202","15473,1",13.76,"59,88","1,55","2,3","96,39",1517.01,"256,974"
01.01.2020,"1,159","15315,7",13.94,"57,52","1,55","2,5","97,39",1589.81,"257,971"
01.02.2020,"0,984","15350,4",19.63,"50,54","1,58","2,3","98,13",1584.74,"258,678"
01.03.2020,"0,884","16629,2",57.74,"29,21","0,65","1,5","99,05",1571.05,"258,115"
01.04.2020,"0,854","17334,5",41.45,"16,55","0,05","0,3","99,02",1680.09,"256,389"
01.05.2020,"0,903","17797,8",30.9,"28,56","0,05","0,1","98,34",1726.3,"256,394"
01.06.2020,"0,928","18174,2",31.12,"38,31","0,08","0,6","97,39",1780.67,"257,797"
01.07.2020,"0,897","18125,7",26.84,"40,71","0,09","1,0","93,35",1974.69,"259,101"
01.08.2020,"0,905","18392,9",22.89,"42,34","0,1","1,3","92,14",1969.75,"259,918"
01.09.2020,"0,894","18501,7",27.65,"39,63","0,09","1,4","93,89",1885.44,"260,280"
01.10.2020,"0,802","18650,9",29.44,"39,4","0,09","1,2","94,04",1877.95,"260,388"
01.11.2020,"0,856","19055,7",25,"40,94","0,09","1,2","91,87",1777.02,"260,229"
01.12.2020,"0,976","19294,8",22.37,"47,02","0,09","1,4","89,94",1896.49,"260,474"
01.01.2021,"1,053","19278,2",24.91,"52","0,09","1,4","90,58",1846.09,"261,582"
01.02.2021,"1,334","19534,3",23.14,"59,04","0,08","1,7","90,88",1733.49,"263,014"
01.03.2021,"1,707","20101,3",21.84,"62,33","0,07","2,6","93,23",1707.01,"264,877"
01.04.2021,"1,676","20135,4",17.42,"61,72","0,07","4,2","91,28",1768.59,"267,054"
01.05.2021,"1,66","20269,1",19.76,"65,17","0,06","5,0","90,03",1906.36,"269,195"
01.06.2021,"1,531","20335,1",16.96,"71,38","0,08","5,4","92,44",1769.8,"271,696"
01.07.2021,"1,254","20530,2",17.6,"72,49","0,1","5,4","92,17",1813.58,"273,003"
01.08.2021,"1,135","20792",17.47,"67,73","0,09","5,3","92,63",1813.43,"273,567"
01.09.2021,"1,282","20844,2",19.82,"71,65","0,08","5,4","94,23",1756.66,"274,310"
01.10.2021,"1,71","21036,7",17.87,"81,48","0,08","6,2","94,12",1782.81,"276,589"
01.11.2021,"1,806","21385,1",18.5,"79,15","0,08","6,8","95,99",1773.78,"277,948"
01.12.2021,"1,609","21751,8",21.35,"71,71","0,08","7,0","95,97",1828.39,"278,802"
01.01.2022,"1,888","21524,8",23.18,"83,22","0,08","7,5","96,54",1796.47,"281,148"
01.02.2022,"2,111","21659,7",25.75,"91,64","0,08","7,9","96,71",1907.9,"283,716"
01.03.2022,"2,5","21854,3",26.97,"108,5","0,2","8,5","98,31",1937.23,"287,504"
01.04.2022,"3,008","21609,4",24.37,"101,78","0,33","8,3","102,96",1896.4,"289,109"
01.05.2022,"3,381","21525,6",29.31,"109,55","0,77","8,6","101,75",1837.09,"292,296"
01.06.2022,"3,767","21530",28.23,"114,84","1,21","9,1","104,68",1806.89,"296,311"
01.07.2022,"3,429","21522,1",25,"101,62","1,68","8,5","105,9",1765.22,"296,276"
01.08.2022,"3,361","21471,3",22.17,"93,67","2,33","8,3","108,7",1710.7,"296,171"
01.09.2022,"3,747","21357,5",27.34,"84,26","2,56","8,2","112,12",1659.67,"296,808"
01.10.2022,"3,919","21342",30.01,"87,55","3,08","7,7","111,53",1633.12,"298,012"
01.11.2022,"3,696","21341,7",23.3,"84,37","3,78","7,1","105,95",1768.45,"297,711"
01.12.2022,"3,551","21394,5",21.78,"76,44","4,1","6,5","103,52",1824.4,"296,797"
01.01.2023,"3,604","21091,7",20.17,"78,12","4,33","6,4","102,1",1927.88,"299,170"
01.02.2023,"3,702","21086",20.12,"76,83","4,57","6,0","104,87",1827.15,"300,840"
01.03.2023,"3,468","20865,5",21.64,"73,28","4,65","5,0","102,51",1967.9,"301,836"
01.04.2023,"3,343","20660",17.82,"79,45","4,83","4,9","101,66",1989.65,"303,363"
01.05.2023,"3,5","20721,3",17.64,"71,58","5,06","4,0","104,33",1962.3,"304,127"
01.06.2023,"3,916","20646,6",14,"70,25","5,08","3,0","102,91",1919.57,"305,109"
01.07.2023,"4,036","20676,9",13.93,"76,07","5,12","3,2","101,86",1964.19,"305,691"
01.08.2023,"4,128","20622,6",15.85,"81,39","5,33","3,7","103,62",1939.74,"307,026"
01.09.2023,"4,211","20568,3",15.17,"89,43","5,33","3,7","106,22",1848.31,"307,789"
01.10.2023,"4,633","20551,6",18.89,"85,64","5,33","3,2","106,66",1982.7,"307,671"
01.11.2023,"4,578","20710,1",14.02,"77,69","5,33","3,1","103,5",2035.75,"307,051"
01.12.2023,"4,187","20907",12.72,"71,9","5,33","3,4","101,33",2062.59,"306,746"
01.01.2024,"4,148","20719,9",13.39,"74,15","5,33","3,1","103,27",2037.19,"308,417"
01.02.2024,"4,141","20770,4",13.98,"77,25","5,33","3,2","104,16",2043.24,"310,326"
01.03.2024,"4,045","21021,1",13.79,"81,28","5,33","3,5","104,55",2232.38,"312,332"
01.04.2024,"4,268","20835,3",16.14,"85,35","5,33","3,4","106,22",2285.57,"313,548"
01.05.2024,"4,325","20853,2",13.06,"80,02","5,33","3,3","104,67",2326.97,"314,069"
01.06.2024,"4,242","20959,9",12.67,"79,77","5,33","3,0","105,87",2325.71,"314,175"
01.07.2024,"4,326","20964,8",14.37,"81,8","5,33","2,9","104,1",2448.1,"314,540"
01.08.2024,"3,976","21070,6",19.31,"76,68","5,33","2,5","101,7",2503.03,"314,796"
01.09.2024,"3,922","21181,8",17.66,"70,24","5,13","2,4","100,78",2634.49,"315,301"
01.10.2024,"4,267","21208,8",19.96,"71,99","4,83","2,6","103,98",2743.8,"315,664"
01.11.2024,"4,544","21390,5",16.02,"69,95","4,64","2,7","105,74",2653.55,"315,493"
01.12.2024,"4,313","21639,6",15.87,"70,12","4,48","2,9","108,49",2623.81,"315,605"
01.01.2025,"4,481","21471,7",16.76,"75,74","4,33","3,0","108,37",2801.18,"317,671"
01.02.2025,"4,423","21517,8",16.97,"71,53","4,33","2,8","107,61",2858.77,"319,082"
01.03.2025,"4,421","21912,7",21.84,"68,24","4,33","2,4","104,21",3123.35,"319,799"
01.04.2025,"4,267","21720,7",31.97,"63,54","4,33","2,3","99,47",3288.59,"320,795"
01.05.2025,"4,35","21739,8",20.46,"62,17","4,33","2,4","99,33",3289.4,"321,465"
01.06.2025,"4,208","22004,8",18.4,"68,17","4,33","2,7","96,88",3303.69,"322,561"
01.07.2025,"4,291","21957,9",16.38,"68,39","4,33","2,7","99,97",3290.32,"323,048"
01.08.2025,"4,275","22064,3",15.75,"64,86","4,33","2,9","97,77",3448,"323,976"
